"Name","Address","Organization(s)","Market Site","Location Indoors","Location Details","Market Description","Special Production Methods","saleschannel_order","Food Access Programs","listing_id","update_time","Point Source","Selected Location"
"marketname","location_address","organizations","location_site","location_indoor","location_description","market_description","specialproductionmethods","saleschannel_order","fsnap","listing_id","update_time","Source","Location"
"Community Servings' Farmers' Market","18 Marbury Terrace Jamaica Plain, MA 02130","","","","","","","","","310614","2023-03-21 22:30:19","USDA","Boston (City, 2020)"
"Dorchester Winter Farmers' Market","6 Norfolk St Boston, MA 02124","","","","","","","","","310622","2023-03-21 22:30:19","USDA","Boston (City, 2020)"
"Dudley Farmers Market","427 Dudley St, Boston, Massachussetts 02119","","","","","","","","","310624","2023-03-21 22:30:20","USDA","Boston (City, 2020)"
"Roslindale Grab-And-Go Market","70 Poplar St, Boston, Massachussetts 02131","","","","","","","","","310719","2023-03-21 22:30:29","USDA","Boston (City, 2020)"
"South Boston Farmers' Market","446 W Broadway, Boston, MA, 02127","","","","","","","","","310727","2023-03-21 22:30:30","USDA","Boston (City, 2020)"
"West Roxbury Farmers' Market","1857 Centre St., West Roxbury, MA, 02132","","","","","","","","","310755","2023-03-21 22:30:43","USDA","Boston (City, 2020)"
"Mattapan Farmers' Market","525 River Street Mattapan, MA 02126","","","","","","","","","310663","2023-03-21 22:30:24","USDA","Boston (City, 2020)"
"Boston Public Market on the Greenway","136 Blackstone St., Boston, MA, 02202","","","","","","","","","310596","2023-03-21 22:30:17","USDA","Boston (City, 2020)"
"Boston University Farmer's Market","775 Commonwealth Ave. (George Sherman Union Plaza) Boston, MA 02215","","","","","","","","","310597","2023-03-21 22:30:17","USDA","Boston (City, 2020)"
"Roslindale Village Main Street Winter Farmers Market","32 Birch St, Roslindale, Massachusetts 02131","","Private business parking lot; Sons of Italy Hall","No","ABCD Parking Lot","","Organic (USDA Certified)","","WIC; SNAP; Accept EBT at a central location; Some/all market vendors will accept EBT through individual POS","300744","2021-01-04 12:35:33","USDA","Boston (City, 2020)"
"East Boston Farmers On-line Market - Winter/Spring","250 Sumner street, East Boston, Massachusetts 02128","","Healthcare institution","Yes-entire time","East Boston Winter/Spring market hosted by WhatsGood (on-line platform) between October 23, 2020 and July 1, 2021; Pick-ups on Thursdays 2-6pm at 250 Sumner street","","Organic (USDA Certified)","","WIC; Senior Farmers Market Nutrition Program; SNAP; Accept EBT at a central location","301475","2021-03-19 12:50:11","USDA","Boston (City, 2020)"
"East Boston Farmers Market - Summer/Early Fall","Across from 201 Border St., East Boston, Massachusetts 02128","","Local government building grounds","No","Central Square Park (in front of Marshalls)","","Organic (USDA Certified)","","WIC; Senior Farmers Market Nutrition Program; SNAP; Accept EBT at a central location; Some/all market vendors will accept EBT through individual POS","301394","2021-02-09 13:31:36","USDA","Boston (City, 2020)"
"SoWa Farmers Market","530 Harrison Ave, Boston, Massachussetts 02118","","","","","","","","","310733","2023-03-21 22:30:31","USDA","Boston (City, 2020)"
"Mission Hill Farmers' Market","1420 Tremont St., Boston, MA, 02120","","","","","","","","","310671","2023-03-21 22:30:24","USDA","Boston (City, 2020)"
"Allston Village Farmers' Market","500 Cambridge St., Allston, MA, 02134","","","","","","","","","310586","2023-03-21 22:30:16","USDA","Boston (City, 2020)"
"Ashmont Farmers' Market","1900 Dorchester Ave, Boston, Massachussetts 02124","","","","","","","","","310589","2023-03-21 22:30:16","USDA","Boston (City, 2020)"
"Northeastern University Farmers Market","115 Forsyth St. Boston, MA 02115","","","","","","","","","310686","2023-03-21 22:30:26","USDA","Boston (City, 2020)"
"Oak Square Farmers Market","640 Washington St, Brighton, Massachussetts 02135","","","","","","","","","310690","2023-03-21 22:30:26","USDA","Boston (City, 2020)"
